{"cameraMode":{"drawMode":0,"name":"Shaded","section":"Shading Mode"},"sceneLighting":false,"audioPlay":false,"sceneViewState":{"m_AlwaysRefresh":false,"showFog":true,"showSkybox":false,"showFlares":true,"showImageEffects":true,"showParticleSystems":true,"showVisualEffectGraphs":true,"m_FxEnabled":true},"in2DMode":false,"pivot":{"x":0.04767367243766785,"y":0.021407298743724824,"z":0.0019478276371955872},"rotation":{"x":-0.04128772392868996,"y":0.6838189959526062,"z":-0.7274584770202637,"w":-0.038815442472696307},"size":0.03829657658934593,"orthographic":false}